<?xml version="1.0" encoding="UTF-8"?>
<con:soapui-project activeEnvironment="Default environment" created="3.10.0" id="34c9a71b-e6c7-4ca6-96ea-b492cfba07b5" name="ASIC" resourceRoot="${projectDir}" updated="3.10.0 2021-09-14T15:18:10Z" encryptionMode="Not encrypted" abortOnError="false" runType="SEQUENTIAL" xmlns:con="http://eviware.com/soapui/config">
  <con:settings>
    <con:setting id="com.eviware.soapui.impl.wsdl.actions.iface.tools.soapui.ProTestRunnerUIAction@values-local"><![CDATA[<xml-fragment xmlns:con="http://eviware.com/soapui/config">
  <con:entry key="Settings File Password" value=""/>
  <con:entry key="Report Format(s)" value="XML"/>
  <con:entry key="Host:Port" value=""/>
  <con:entry key="Export JUnit Results" value="true"/>
  <con:entry key="Export All" value="true"/>
  <con:entry key="Save After" value="false"/>
  <con:entry key="Slack Channel(s)" value=""/>
  <con:entry key="Add Settings" value="false"/>
  <con:entry key="WSS Password Type" value=""/>
  <con:entry key="Endpoint" value=""/>
  <con:entry key="Test Suite Tags" value=""/>
  <con:entry key="Select Report Type" value="JUnit-Style report for automation"/>
  <con:entry key="System Properties" value=""/>
  <con:entry key="Test Suite" value="&lt;all>"/>
  <con:entry key="Run in-process" value="false"/>
  <con:entry key="Password" value=""/>
  <con:entry key="Print Report" value="true"/>
  <con:entry key="Open Report" value="false"/>
  <con:entry key="Test Case Tags" value=""/>
  <con:entry key="Export JUnit Results with test properties" value="false"/>
  <con:entry key="Global Properties" value=""/>
  <con:entry key="Project Properties" value=""/>
  <con:entry key="Test Case" value="&lt;all>"/>
  <con:entry key="Slack Access Token" value=""/>
  <con:entry key="Project Password" value=""/>
  <con:entry key="Username" value=""/>
  <con:entry key="TestRunner Path" value="C:\Program Files\SmartBear\ReadyAPI-3.10.0\bin"/>
  <con:entry key="Environment" value="No Environment"/>
  <con:entry key="Coverage Report" value="false"/>
  <con:entry key="Enable UI" value="false"/>
  <con:entry key="Root Folder" value="${WORKSPACE}"/>
  <con:entry key="Ignore Errors" value="false"/>
  <con:entry key="Domain" value=""/>
  <con:entry key="Tool Args" value=""/>
  <con:entry key="Save Project" value="false"/>
</xml-fragment>]]></con:setting>
    <con:setting id="34c9a71b-e6c7-4ca6-96ea-b492cfba07b5fileName"/>
  </con:settings>
  <con:requirements/>
  <con:properties/>
  <con:wssContainer/>
  <con:databaseConnectionContainer/>
  <con:jmsConnectionContainer/>
  <con:oAuth2ProfileContainer/>
  <con:oAuth1ProfileContainer/>
  <con:reporting>
    <con:xmlTemplates xsi:nil="true" xmlns:xsi="http://www.w3.org/2001/XMLSchema-instance"/>
    <con:parameters/>
  </con:reporting>
  <con:eventHandlers name="RequestFilter.filterRequest" type="RequestFilter.filterRequest">
    <con:script>// Sample event script to add custom HTTP header to all outgoing REST, SOAP and HTTP(S) calls
// This code is often used for adding custom authentication to ReadyAPI functional tests

// If hardcoding the token, uncomment and change line 5
// token = '4567'

// If your token is parameterized in Project level custom property, uncomment line 8
// token = request.parent.testCase.testSuite.project.getProperty('auth_token').getValue()

// To modify all outgoing calls, remove comments from lines 11 to 16
// headers = request.requestHeaders
// if (headers.containsKey('auth_token2') == false) {
//   headers.put('auth_token2', token)
//   request.requestHeaders = headers
// }</con:script>
  </con:eventHandlers>
  <con:eventHandlers name="TestRunListener.afterStep" type="TestRunListener.afterStep">
    <con:script>// Save all test step results into files
// Change the directory path in line 5 to a location where you want to store details
// then uncomment lines 5 to 10

// filePath = 'C:\\tempOutputDirectory\\'
// fos = new java.io.FileOutputStream(filePath + testStepResult.testStep.label + '.txt', true)
// pw = new java.io.PrintWriter(fos)
// testStepResult.writeTo(pw)
// pw.close()
// fos.close()</con:script>
  </con:eventHandlers>
  <con:authRepository/>
  <con:tags/>
  <con:interface xsi:type="con:RestService" id="77bcde53-2cd4-456e-9576-3c6580a7e59f" name="Service 1" type="rest" wadlVersion="http://wadl.dev.java.net/2009/02" xmlns:xsi="http://www.w3.org/2001/XMLSchema-instance">
    <con:settings>
      <con:setting id="77bcde53-2cd4-456e-9576-3c6580a7e59ffileName">Service-1</con:setting>
    </con:settings>
    <con:definitionCache rootPart="" type="TEXT"/>
    <con:endpoints/>
    <con:resource id="9ff85fcb-0edb-4c51-b7d0-569454f0e626" name="weather" path="/data/2.5/weather">
      <con:settings>
        <con:setting id="b1879c94-ebd2-480e-9937-923e91c7ea87fileName">weather</con:setting>
        <con:setting id="f3f87ea4-c46c-4001-b91c-d64e351d9ee3fileName">weather</con:setting>
        <con:setting id="9ff85fcb-0edb-4c51-b7d0-569454f0e626fileName">weather</con:setting>
      </con:settings>
      <con:parameters/>
      <con:method id="270c1a1b-4c38-45bf-b32c-a8f72fd00200" method="GET" name="Method 2">
        <con:settings/>
        <con:parameters>
          <con:parameter required="true">
            <con:name>appid</con:name>
            <con:value/>
            <con:style>QUERY</con:style>
            <con:default/>
          </con:parameter>
          <con:parameter required="true">
            <con:name>q</con:name>
            <con:value/>
            <con:style>QUERY</con:style>
            <con:default/>
          </con:parameter>
        </con:parameters>
        <con:representation type="FAULT">
          <con:mediaType>application/json; charset=utf-8</con:mediaType>
          <con:status>401</con:status>
          <con:params/>
          <con:element>weat:Fault</con:element>
        </con:representation>
        <con:request id="1546ca89-5592-4b24-bc59-d54b308c5e0b" mediaType="application/json" name="Request 1">
          <con:settings>
            <con:setting id="com.eviware.soapui.impl.wsdl.WsdlRequest@request-headers">&lt;entry key="New header" value="" xmlns="http://eviware.com/soapui/config"/></con:setting>
          </con:settings>
          <con:endpoint>http://api.openweathermap.org</con:endpoint>
          <con:request/>
          <con:originalUri>http://api.openweathermap.org/data/2.5/weather</con:originalUri>
          <con:credentials>
            <con:selectedAuthProfile>aaa</con:selectedAuthProfile>
            <con:addedBasicAuthenticationTypes>Basic</con:addedBasicAuthenticationTypes>
            <con:authType>No Authorization</con:authType>
          </con:credentials>
          <con:jmsConfig JMSDeliveryMode="PERSISTENT"/>
          <con:parameters>
            <con:entry key="appid" value="2288725f98e49f98c3c00044cc8d7618"/>
          </con:parameters>
          <con:parameterOrder>
            <con:entry>q</con:entry>
            <con:entry>appid</con:entry>
          </con:parameterOrder>
        </con:request>
      </con:method>
    </con:resource>
  </con:interface>
  <con:testSuite id="b5bc3dd3-801a-47b2-bd4a-aade255e5b6e" name="Service 1 Test Suite 1">
    <con:description>The test suite generated for the REST service [Service 1]</con:description>
    <con:settings>
      <con:setting id="b5bc3dd3-801a-47b2-bd4a-aade255e5b6efileName">Service-1-Test-Suite-1</con:setting>
    </con:settings>
    <con:savedRecentRuns>1</con:savedRecentRuns>
    <con:runType>SEQUENTIAL</con:runType>
    <con:properties/>
    <con:reportParameters/>
    <con:testCase discardOkResults="false" failOnError="true" failTestCaseOnErrors="true" id="99955417-1b3f-4e9c-a9ae-fdad4ddaf3ba" keepSession="false" name="weather Test Case" searchProperties="true" timeout="0">
      <con:description>The test case generated for the REST resource [weather] located at [/data/2.5/weather]</con:description>
      <con:settings>
        <con:setting id="IncludeOverview">true</con:setting>
        <con:setting id="IncludeResults">true</con:setting>
        <con:setting id="FlowLayout">false</con:setting>
        <con:setting id="ErrorDetails">true</con:setting>
        <con:setting id="IncludeCoverage">true</con:setting>
        <con:setting id="99955417-1b3f-4e9c-a9ae-fdad4ddaf3bafileName">weather-Test-Case</con:setting>
      </con:settings>
      <con:savedRecentRuns>1</con:savedRecentRuns>
      <con:testStep id="5826dc70-39a4-49c3-ac9f-9af8036144f4" name="Data Source" type="datasource">
        <con:settings/>
        <con:config xsi:type="con:DataSourceStep" xmlns:xsi="http://www.w3.org/2001/XMLSchema-instance">
          <con:dataSource type="File">
            <con:configuration>
              <fileName>Cities.csv</fileName>
              <separator/>
              <trim>true</trim>
              <charset/>
              <quotedValues>false</quotedValues>
            </con:configuration>
          </con:dataSource>
          <con:shared>true</con:shared>
          <con:restartShared>true</con:restartShared>
          <con:property>q</con:property>
          <con:completeLastOperation>true</con:completeLastOperation>
          <con:restartOnRun>true</con:restartOnRun>
        </con:config>
      </con:testStep>
      <con:testStep id="e54ca871-0b14-4a9a-af6a-973a58da953e" name="Request 1" type="restrequest">
        <con:settings/>
        <con:config xsi:type="con:RestRequestStep" methodName="Method 2" resourcePath="/data/2.5/weather" service="Service 1" xmlns:xsi="http://www.w3.org/2001/XMLSchema-instance">
          <con:restRequest id="1546ca89-5592-4b24-bc59-d54b308c5e0b" mediaType="application/json" name="Request 1">
            <con:settings>
              <con:setting id="com.eviware.soapui.impl.wsdl.WsdlRequest@request-headers">&lt;entry key="New header" value="" xmlns="http://eviware.com/soapui/config"/></con:setting>
            </con:settings>
            <con:endpoint>http://api.openweathermap.org</con:endpoint>
            <con:request/>
            <con:originalUri>http://api.openweathermap.org/data/2.5/weather</con:originalUri>
            <con:credentials>
              <con:selectedAuthProfile>Inherit From Parent</con:selectedAuthProfile>
              <con:addedBasicAuthenticationTypes>Basic</con:addedBasicAuthenticationTypes>
              <con:authType>No Authorization</con:authType>
            </con:credentials>
            <con:jmsConfig JMSDeliveryMode="PERSISTENT"/>
            <con:parameters>
              <con:entry key="q" value="${Data Source#q}"/>
              <con:entry key="appid" value="appid 2288725f98e49f98c3c00044cc8d7618 QUERY"/>
            </con:parameters>
            <con:parameterOrder>
              <con:entry>q</con:entry>
              <con:entry>appid</con:entry>
            </con:parameterOrder>
          </con:restRequest>
        </con:config>
      </con:testStep>
      <con:testStep id="2bba17c9-a33b-4a01-987f-a79870c6d203" name="Data Source Loop" type="datasourceloop">
        <con:settings/>
        <con:config>
          <dataSourceStep>Data Source</dataSourceStep>
          <targetStep>Request 1</targetStep>
          <discardResults>true</discardResults>
        </con:config>
      </con:testStep>
      <con:properties/>
      <con:reportParameters/>
      <con:breakPoints>
        <con:testStepId>5826dc70-39a4-49c3-ac9f-9af8036144f4</con:testStepId>
        <con:status>NONE</con:status>
        <con:properties/>
      </con:breakPoints>
      <con:breakPoints>
        <con:testStepId>e54ca871-0b14-4a9a-af6a-973a58da953e</con:testStepId>
        <con:status>NONE</con:status>
        <con:properties/>
      </con:breakPoints>
      <con:breakPoints>
        <con:testStepId>2bba17c9-a33b-4a01-987f-a79870c6d203</con:testStepId>
        <con:status>NONE</con:status>
        <con:properties/>
      </con:breakPoints>
    </con:testCase>
  </con:testSuite>
</con:soapui-project>
